utc,model,input_tokens_incl_cached,cached_tokens,output_tokens_incl_reasoning,reasoning_tokens,list_cost_usd
2026-10-01T10:47:27.747Z,muse-spark-1.3,26189,26097,376,219,0.005628
2026-10-01T10:47:30.896Z,muse-spark-1.3,26216,26097,169,38,0.004782
2026-10-01T10:47:34.848Z,muse-spark-1.3,26189,26097,273,138,0.005190
2026-10-01T10:47:38.812Z,muse-spark-1.3,26216,26097,460,332,0.006018
2026-10-01T10:47:38.891Z,muse-spark-1.3,37103,26097,648,536,0.020426
2026-10-01T10:47:40.675Z,muse-spark-1.3,37832,26097,148,19,0.019212
2026-10-01T10:47:44.005Z,muse-spark-1.3,26216,26097,210,65,0.004956
2026-10-01T10:47:44.621Z,muse-spark-1.3,48295,36977,111,6,0.020166
2026-10-01T10:47:46.376Z,muse-spark-1.3,26189,26097,191,47,0.004841
2026-10-01T10:47:47.234Z,muse-spark-1.3,26189,26097,1029,894,0.008403
2026-10-01T10:47:48.969Z,muse-spark-1.3,26216,26097,149,6,0.004697
2026-10-01T10:47:49.204Z,muse-spark-1.3,50036,48241,173,118,0.010215
2026-10-01T10:47:50.144Z,muse-spark-1.3,31527,26097,1398,981,0.016644
2026-10-01T10:47:50.686Z,muse-spark-1.3,27256,26097,162,5,0.006052
2026-10-01T10:47:50.941Z,muse-spark-1.3,41337,37745,484,293,0.012209
2026-10-01T10:47:51.097Z,muse-spark-1.3,31519,26225,788,545,0.013900
2026-10-01T10:47:56.060Z,muse-spark-1.3,39199,26097,405,318,0.022013
2026-10-01T10:47:56.975Z,muse-spark-1.3,42246,41329,139,84,0.007936
2026-10-01T10:48:00.461Z,muse-spark-1.3,33572,26097,862,621,0.016922
2026-10-01T10:48:09.321Z,muse-spark-1.3,35367,26097,1229,1022,0.020725
2026-10-01T10:48:09.607Z,muse-spark-1.3,39614,27249,579,501,0.022004
2026-10-01T10:48:12.081Z,muse-spark-1.3,58157,50033,2084,304,0.026517
2026-10-01T10:48:17.903Z,muse-spark-1.3,47552,39153,2404,569,0.026589
2026-10-01T10:48:20.178Z,muse-spark-1.3,39841,33521,1238,394,0.018190
2026-10-01T10:48:25.339Z,muse-spark-1.3,50333,0,2516,239,0.073609
2026-10-01T10:48:32.753Z,muse-spark-1.3,48141,39537,2233,705,0.026176
2026-10-01T10:48:48.238Z,muse-spark-1.3,26189,8561,587,441,0.025814
2026-10-01T10:48:49.296Z,muse-spark-1.3,26216,26097,198,96,0.004905
2026-10-01T10:48:51.927Z,muse-spark-1.3,26189,26097,205,72,0.004901
2026-10-01T10:48:55.162Z,muse-spark-1.3,26216,26097,154,35,0.004718
2026-10-01T10:48:57.117Z,muse-spark-1.3,39091,13809,516,461,0.035867
2026-10-01T10:48:58.348Z,muse-spark-1.3,38585,26097,295,212,0.020778
2026-10-01T10:48:59.335Z,muse-spark-1.3,35194,26097,113,6,0.015766
2026-10-01T10:49:04.331Z,muse-spark-1.3,26189,26097,201,69,0.004884
2026-10-01T10:49:07.950Z,muse-spark-1.3,26189,26097,791,605,0.007391
2026-10-01T10:49:11.692Z,muse-spark-1.3,26216,26097,622,517,0.006707
2026-10-01T10:49:13.039Z,muse-spark-1.3,47555,39025,1978,806,0.024923
2026-10-01T10:49:15.169Z,muse-spark-1.3,46828,38513,1669,394,0.023264
2026-10-01T10:49:15.379Z,muse-spark-1.3,35180,26097,132,12,0.015829
2026-10-01T10:49:16.287Z,muse-spark-1.3,26216,26097,154,12,0.004718
2026-10-01T10:49:18.573Z,muse-spark-1.3,40100,35185,1085,858,0.016033
2026-10-01T10:49:21.528Z,muse-spark-1.3,30546,26097,1352,1005,0.015222
2026-10-01T10:49:23.432Z,muse-spark-1.3,39917,35057,412,357,0.013085
2026-10-01T10:49:26.574Z,muse-spark-1.3,35797,26097,156,48,0.016703
2026-10-01T10:49:28.642Z,muse-spark-1.3,43337,26225,472,76,0.027330
2026-10-01T10:49:29.214Z,muse-spark-1.3,39790,26097,952,829,0.025077
2026-10-01T10:49:32.762Z,muse-spark-1.3,40913,39665,97,39,0.007922
2026-10-01T10:49:35.203Z,muse-spark-1.3,35373,26097,825,645,0.019016
2026-10-01T10:49:46.111Z,muse-spark-1.3,48958,40817,561,389,0.018683
2026-10-01T10:49:47.804Z,muse-spark-1.3,41419,35697,1128,988,0.017301
2026-10-01T10:49:51.276Z,muse-spark-1.3,48277,39793,2807,482,0.028504
2026-10-01T10:50:04.822Z,muse-spark-1.3,51160,48241,1813,85,0.018590
2026-10-01T10:50:06.823Z,muse-spark-1.3,42682,41329,355,129,0.009399
2026-10-01T10:50:43.267Z,muse-spark-1.3,50662,48881,4429,2135,0.028382
2026-10-01T10:50:54.655Z,muse-spark-1.3,26189,26097,181,63,0.004799
2026-10-01T10:50:58.928Z,muse-spark-1.3,26216,26097,361,198,0.005598
2026-10-01T10:50:59.878Z,muse-spark-1.3,26772,26097,130,5,0.005311
2026-10-01T10:51:00.593Z,muse-spark-1.3,26189,26097,196,89,0.004863
2026-10-01T10:51:06.121Z,muse-spark-1.3,30039,26097,117,11,0.009339
2026-10-01T10:51:07.123Z,muse-spark-1.3,26189,26097,248,114,0.005084
2026-10-01T10:51:09.698Z,muse-spark-1.3,26216,26097,145,37,0.004680
2026-10-01T10:51:09.922Z,muse-spark-1.3,26216,26097,153,35,0.004714
2026-10-01T10:51:13.841Z,muse-spark-1.3,26189,26097,153,40,0.004680
2026-10-01T10:51:14.109Z,muse-spark-1.3,39745,26737,526,471,0.022506
2026-10-01T10:51:15.768Z,muse-spark-1.3,42346,29937,453,395,0.021927
2026-10-01T10:51:17.959Z,muse-spark-1.3,26216,13809,182,36,0.018354
2026-10-01T10:51:18.579Z,muse-spark-1.3,34165,26097,782,522,0.017323
2026-10-01T10:51:20.824Z,muse-spark-1.3,30410,26097,592,365,0.011822
2026-10-01T10:51:23.739Z,muse-spark-1.3,36559,26225,745,447,0.020018
2026-10-01T10:51:27.159Z,muse-spark-1.3,35230,26097,106,15,0.015781
2026-10-01T10:51:27.312Z,muse-spark-1.3,37709,26097,154,11,0.019084
2026-10-01T10:51:31.022Z,muse-spark-1.3,43590,36465,268,129,0.015515
2026-10-01T10:51:32.628Z,muse-spark-1.3,34748,30321,667,307,0.012917
2026-10-01T10:51:33.114Z,muse-spark-1.3,36430,35185,229,109,0.007807
2026-10-01T10:51:40.223Z,muse-spark-1.3,50747,42225,1755,271,0.024445
2026-10-01T10:51:43.491Z,muse-spark-1.3,35404,26097,1495,1127,0.021902
2026-10-01T10:51:46.340Z,muse-spark-1.3,44958,43505,1079,527,0.012928
2026-10-01T10:51:46.486Z,muse-spark-1.3,49038,36337,592,537,0.023843
2026-10-01T10:51:49.405Z,muse-spark-1.3,50258,37617,906,815,0.025294
2026-10-01T10:51:55.182Z,muse-spark-1.3,48219,39665,2537,742,0.027425
2026-10-01T10:52:06.276Z,muse-spark-1.3,59112,50161,1415,339,0.024727
2026-10-01T10:52:08.493Z,muse-spark-1.3,57578,49009,2545,503,0.028879
2026-10-01T10:52:19.473Z,muse-spark-1.3,26189,26097,187,49,0.004824
2026-10-01T10:52:26.634Z,muse-spark-1.3,26189,26097,299,159,0.005300
2026-10-01T10:52:27.587Z,muse-spark-1.3,39194,26097,284,229,0.021493
2026-10-01T10:52:31.486Z,muse-spark-1.3,26216,26097,325,174,0.005445
2026-10-01T10:52:31.802Z,muse-spark-1.3,26189,26097,154,32,0.004684
2026-10-01T10:52:33.158Z,muse-spark-1.3,43080,26097,111,14,0.025615
2026-10-01T10:52:35.250Z,muse-spark-1.3,26216,8561,151,12,0.023995
2026-10-01T10:52:38.731Z,muse-spark-1.3,26189,26097,189,76,0.004833
2026-10-01T10:52:40.454Z,muse-spark-1.3,26216,26097,519,396,0.006269
2026-10-01T10:52:41.256Z,muse-spark-1.3,40290,26097,490,435,0.023738
2026-10-01T10:52:42.810Z,muse-spark-1.3,26216,26097,339,178,0.005504
2026-10-01T10:52:43.487Z,muse-spark-1.3,55371,42993,560,435,0.024301
2026-10-01T10:52:47.512Z,muse-spark-1.3,37745,26097,150,11,0.019112
2026-10-01T10:52:48.197Z,muse-spark-1.3,35951,26097,113,5,0.016712
2026-10-01T10:52:51.941Z,muse-spark-1.3,47426,39153,2295,618,0.025968
2026-10-01T10:52:52.564Z,muse-spark-1.3,35369,26097,1107,865,0.020209
2026-10-01T10:52:52.700Z,muse-spark-1.3,60063,55281,481,426,0.016314
2026-10-01T10:52:54.928Z,muse-spark-1.3,50297,37745,327,272,0.022742
2026-10-01T10:52:57.227Z,muse-spark-1.3,35628,26097,1215,952,0.020992
2026-10-01T10:53:01.585Z,muse-spark-1.3,48728,40177,1843,398,0.024548
2026-10-01T10:53:02.825Z,muse-spark-1.3,39350,35313,770,203,0.013616
2026-10-01T10:53:07.427Z,muse-spark-1.3,39500,35569,1099,499,0.014920
2026-10-01T10:53:08.818Z,muse-spark-1.3,34116,26097,1119,766,0.018694
2026-10-01T10:53:13.276Z,muse-spark-1.3,40857,35825,865,594,0.015340
2026-10-01T10:53:14.640Z,muse-spark-1.3,58572,50289,1761,822,0.025381
2026-10-01T10:53:18.886Z,muse-spark-1.3,68492,60017,3054,1120,0.032576
2026-10-01T10:53:43.995Z,muse-spark-1.3,46288,40817,858,722,0.016608
2026-10-01T10:54:01.564Z,muse-spark-1.3,47290,46193,648,79,0.011054
2026-10-01T10:54:32.924Z,muse-spark-1.3,26189,26097,106,5,0.004480
2026-10-01T10:54:39.151Z,muse-spark-1.3,26216,26097,251,120,0.005130
2026-10-01T10:54:41.818Z,muse-spark-1.3,35063,26097,145,10,0.015738
2026-10-01T10:54:43.286Z,muse-spark-1.3,26189,26097,174,44,0.004769
2026-10-01T10:54:46.004Z,muse-spark-1.3,26216,26097,460,315,0.006018
2026-10-01T10:54:50.744Z,muse-spark-1.3,26189,26097,181,77,0.004799
2026-10-01T10:54:53.092Z,muse-spark-1.3,47605,35057,329,274,0.022342
2026-10-01T10:54:53.661Z,muse-spark-1.3,26189,26097,292,148,0.005271
2026-10-01T10:54:55.068Z,muse-spark-1.3,26216,14705,183,72,0.017372
2026-10-01T10:54:55.521Z,muse-spark-1.3,35157,26097,128,12,0.015784
2026-10-01T10:54:55.638Z,muse-spark-1.3,26216,26097,126,5,0.004599
2026-10-01T10:55:01.625Z,muse-spark-1.3,35682,26097,1332,979,0.021557
2026-10-01T10:55:04.077Z,muse-spark-1.3,35137,26097,121,8,0.015729
2026-10-01T10:55:06.649Z,muse-spark-1.3,37185,26097,634,579,0.020469
2026-10-01T10:55:07.535Z,muse-spark-1.3,47706,35057,354,299,0.022574
2026-10-01T10:55:12.877Z,muse-spark-1.3,55882,47601,2037,832,0.026149
2026-10-01T10:55:13.106Z,muse-spark-1.3,30482,26097,789,577,0.012749
2026-10-01T10:55:19.097Z,muse-spark-1.3,47447,35057,409,354,0.022484
2026-10-01T10:55:22.567Z,muse-spark-1.3,35457,26225,1330,1088,0.021126
2026-10-01T10:55:24.609Z,muse-spark-1.3,30576,26097,873,653,0.013224
2026-10-01T10:55:27.448Z,muse-spark-1.3,45767,37105,1882,613,0.024392
2026-10-01T10:55:53.037Z,muse-spark-1.3,55804,47345,1759,214,0.025151
2026-10-01T10:55:56.525Z,muse-spark-1.3,56008,47601,2313,790,0.027479
