utc,weekly_pct,window_5h_pct
2026-10-01T10:47:56.788Z,13,26
2026-10-01T10:47:58.219Z,13,26
2026-10-01T10:48:12.098Z,13,26
2026-10-01T10:48:17.926Z,13,26
2026-10-01T10:48:17.968Z,13,27
2026-10-01T10:48:25.351Z,13,27
2026-10-01T10:48:26.885Z,13,27
2026-10-01T10:48:35.056Z,13,27
2026-10-01T10:49:11.913Z,14,30
2026-10-01T10:49:12.322Z,14,29
2026-10-01T10:49:33.226Z,15,31
2026-10-01T10:49:44.360Z,15,31
2026-10-01T10:49:56.012Z,15,31
2026-10-01T10:50:01.002Z,15,32
2026-10-01T10:50:03.332Z,15,32
2026-10-01T10:50:32.800Z,15,32
2026-10-01T10:51:26.612Z,16,34
2026-10-01T10:51:40.242Z,16,34
2026-10-01T10:51:42.375Z,16,34
2026-10-01T10:51:53.723Z,16,35
2026-10-01T10:51:55.208Z,16,34
2026-10-01T10:51:58.210Z,16,35
2026-10-01T10:52:06.307Z,16,36
2026-10-01T10:52:07.718Z,16,35
2026-10-01T10:52:51.953Z,17,37
2026-10-01T10:53:01.599Z,17,38
2026-10-01T10:53:12.980Z,17,39
2026-10-01T10:53:13.575Z,17,40
2026-10-01T10:53:14.658Z,17,39
2026-10-01T10:53:17.794Z,17,39
2026-10-01T10:53:18.907Z,17,38
2026-10-01T10:54:10.897Z,18,41
2026-10-01T10:55:11.864Z,18,42
2026-10-01T10:55:12.902Z,18,41
2026-10-01T10:55:27.475Z,18,42
2026-10-01T10:55:30.944Z,19,43
2026-10-01T10:55:34.390Z,19,43
2026-10-01T10:55:40.536Z,19,43
2026-10-01T10:55:43.164Z,18,42
2026-10-01T10:55:56.546Z,18,42
