utc,weekly_pct
2026-10-03T17:38:02.000Z,0.0
2026-10-03T17:38:02.087Z,0.0
2026-10-03T17:38:04.812Z,0.0
2026-10-03T17:38:07.808Z,0.0
2026-10-03T17:38:10.839Z,0.0
2026-10-03T17:38:13.852Z,0.0
2026-10-03T17:38:16.841Z,0.0
2026-10-03T17:38:19.857Z,0.0
2026-10-03T17:38:22.860Z,0.0
2026-10-03T17:38:25.892Z,0.0
2026-10-03T17:38:28.888Z,0.0
2026-10-03T17:38:31.889Z,0.0
2026-10-03T17:38:32.000Z,0.0
2026-10-03T17:38:34.886Z,0.0
2026-10-03T17:38:37.921Z,0.0
2026-10-03T17:38:40.931Z,0.0
2026-10-03T17:38:43.969Z,0.0
2026-10-03T17:38:46.956Z,0.0
2026-10-03T17:39:02.000Z,0.0
2026-10-03T17:39:15.333Z,1.0
2026-10-03T17:39:33.000Z,1.0
2026-10-03T17:40:03.000Z,1.0
2026-10-03T17:40:33.000Z,2.0
2026-10-03T17:41:04.000Z,2.0
2026-10-03T17:41:34.000Z,2.0
2026-10-03T17:42:04.000Z,2.0
2026-10-03T17:42:35.000Z,2.0
2026-10-03T17:42:45.830Z,2.0
2026-10-03T17:43:05.000Z,2.0
2026-10-03T17:43:35.000Z,3.0
2026-10-03T17:43:49.167Z,3.0
2026-10-03T17:44:06.000Z,3.0
2026-10-03T17:44:36.000Z,3.0
2026-10-03T17:45:06.000Z,3.0
2026-10-03T17:45:37.000Z,4.0
2026-10-03T17:45:42.378Z,4.0
2026-10-03T17:45:54.715Z,4.0
2026-10-03T17:46:07.000Z,5.0
2026-10-03T17:46:37.000Z,5.0
2026-10-03T17:46:40.260Z,5.0
2026-10-03T17:47:08.000Z,6.0
2026-10-03T17:47:38.000Z,7.0
2026-10-03T17:48:08.000Z,7.0
2026-10-03T17:48:39.000Z,7.0
2026-10-03T17:49:09.000Z,8.0
2026-10-03T17:49:39.000Z,8.0
2026-10-03T17:50:10.000Z,9.0
2026-10-03T17:50:40.000Z,9.0
2026-10-03T17:51:10.000Z,9.0
2026-10-03T17:51:41.000Z,9.0
2026-10-03T17:52:11.000Z,10.0
2026-10-03T17:52:41.000Z,10.0
2026-10-03T17:53:12.000Z,10.0
2026-10-03T17:53:42.000Z,11.0
2026-10-03T17:54:12.000Z,11.0
2026-10-03T17:54:43.000Z,12.0
2026-10-03T17:55:13.000Z,12.0
2026-10-03T17:55:44.000Z,13.0
2026-10-03T17:56:14.000Z,13.0
2026-10-03T17:56:44.000Z,14.0
2026-10-03T17:57:14.000Z,14.0
2026-10-03T17:57:33.947Z,14.0
2026-10-03T17:57:45.000Z,15.0
2026-10-03T17:58:15.000Z,16.0
2026-10-03T17:58:45.000Z,17.0
2026-10-03T17:59:16.000Z,17.0
2026-10-03T17:59:46.000Z,18.0
2026-10-03T18:00:16.000Z,18.0
2026-10-03T18:00:47.000Z,19.0
2026-10-03T18:01:17.000Z,19.0
2026-10-03T18:01:47.000Z,20.0
2026-10-03T18:02:18.000Z,21.0
2026-10-03T18:02:48.000Z,21.0
2026-10-03T18:03:18.000Z,22.0
2026-10-03T18:03:49.000Z,22.0
2026-10-03T18:04:19.000Z,23.0
2026-10-03T18:04:49.000Z,24.0
2026-10-03T18:05:20.000Z,24.0
2026-10-03T18:05:50.000Z,25.0
2026-10-03T18:06:21.000Z,26.0
2026-10-03T18:06:51.000Z,27.0
2026-10-03T18:07:21.000Z,28.0
2026-10-03T18:07:52.000Z,29.0
2026-10-03T18:08:21.889Z,30.0
2026-10-03T18:08:22.000Z,30.0
2026-10-03T18:08:29.762Z,30.0
2026-10-03T18:08:52.000Z,31.0
2026-10-03T18:09:23.000Z,32.0
2026-10-03T18:09:53.000Z,33.0
2026-10-03T18:10:23.000Z,34.0
2026-10-03T18:10:54.000Z,35.0
2026-10-03T18:11:20.218Z,36.0
2026-10-03T18:11:24.000Z,36.0
2026-10-03T18:11:54.000Z,38.0
2026-10-03T18:12:25.000Z,39.0
2026-10-03T18:12:34.927Z,39.0
2026-10-03T18:12:55.000Z,40.0
2026-10-03T18:13:25.000Z,41.0
2026-10-03T18:13:56.000Z,44.0
2026-10-03T18:14:26.000Z,45.0
2026-10-03T18:14:43.448Z,46.0
2026-10-03T18:14:56.000Z,48.0
2026-10-03T18:15:27.000Z,49.0
2026-10-03T18:15:56.007Z,51.0
2026-10-03T18:15:57.000Z,51.0
2026-10-03T18:16:27.000Z,53.0
2026-10-03T18:16:35.319Z,53.0
2026-10-03T18:16:58.000Z,54.0
2026-10-03T18:17:28.000Z,57.0
2026-10-03T18:17:59.000Z,59.0
2026-10-03T18:18:29.000Z,62.0
2026-10-03T18:18:59.000Z,63.0
2026-10-03T18:19:30.000Z,65.0
2026-10-03T18:20:00.000Z,67.0
2026-10-03T18:20:30.000Z,69.0
2026-10-03T18:20:53.862Z,71.0
2026-10-03T18:21:01.000Z,71.0
2026-10-03T18:21:31.000Z,75.0
2026-10-03T18:22:01.000Z,77.0
2026-10-03T18:22:32.000Z,80.0
2026-10-03T18:23:02.000Z,82.0
2026-10-03T18:23:18.445Z,83.0
2026-10-03T18:23:32.000Z,86.0
2026-10-03T18:24:03.000Z,89.0
2026-10-03T18:24:33.000Z,91.0
2026-10-03T18:25:03.101Z,93.0
2026-10-03T18:25:04.000Z,93.0
2026-10-03T18:25:34.000Z,96.0
2026-10-03T18:26:04.000Z,98.0
2026-10-03T18:26:18.453Z,99.0
2026-10-03T18:26:35.000Z,100.0
2026-10-03T18:26:57.655Z,100.0
2026-10-03T18:27:05.000Z,100.0
2026-10-03T18:27:06.112Z,100.0
2026-10-03T18:27:10.763Z,100.0
2026-10-03T18:27:28.806Z,100.0
2026-10-03T18:27:32.341Z,100.0
2026-10-03T18:27:35.000Z,100.0
2026-10-03T18:27:49.729Z,100.0
2026-10-03T18:28:06.000Z,100.0
2026-10-03T18:28:17.230Z,100.0
2026-10-03T18:28:36.000Z,100.0
2026-10-03T18:29:06.000Z,100.0
2026-10-03T18:29:37.000Z,100.0
2026-10-03T18:30:02.347Z,100.0
2026-10-03T18:30:07.000Z,100.0
2026-10-03T18:30:32.398Z,100.0
2026-10-03T18:30:37.000Z,100.0
2026-10-03T18:31:08.000Z,100.0
2026-10-03T18:31:26.802Z,100.0
2026-10-03T18:31:38.000Z,100.0
2026-10-03T18:32:08.000Z,100.0
2026-10-03T18:32:39.000Z,100.0
2026-10-03T18:32:39.739Z,100.0
2026-10-03T18:33:09.000Z,100.0
2026-10-03T18:33:39.000Z,100.0
2026-10-03T18:34:10.000Z,100.0
2026-10-03T18:34:40.000Z,100.0
2026-10-03T18:35:11.000Z,100.0
2026-10-03T18:35:41.000Z,100.0
2026-10-03T18:36:11.000Z,100.0
2026-10-03T18:36:42.000Z,100.0
2026-10-03T18:37:12.000Z,100.0
2026-10-03T18:37:42.000Z,100.0
2026-10-03T18:38:13.000Z,100.0
2026-10-03T18:38:43.000Z,100.0
2026-10-03T18:38:47.105Z,100.0
2026-10-03T18:38:59.250Z,100.0
2026-10-03T18:39:13.000Z,100.0
2026-10-03T18:39:44.000Z,100.0
2026-10-03T18:40:14.000Z,100.0
2026-10-03T18:40:17.531Z,100.0
2026-10-03T18:40:44.000Z,100.0
2026-10-03T18:41:15.000Z,100.0
2026-10-03T18:41:45.000Z,100.0
2026-10-03T18:42:15.000Z,100.0
2026-10-03T18:42:46.000Z,100.0
2026-10-03T18:43:16.000Z,100.0
2026-10-03T18:43:46.000Z,100.0
2026-10-03T18:44:17.000Z,100.0
2026-10-03T18:44:47.000Z,100.0
2026-10-03T18:45:17.000Z,100.0
2026-10-03T18:45:47.000Z,100.0
2026-10-03T18:46:18.000Z,100.0
2026-10-03T18:46:48.000Z,100.0
2026-10-03T18:47:19.000Z,100.0
2026-10-03T18:47:49.000Z,100.0
2026-10-03T18:48:19.000Z,100.0
2026-10-03T18:48:50.000Z,100.0
2026-10-03T18:49:20.000Z,100.0
2026-10-03T18:49:50.000Z,100.0
2026-10-03T18:50:21.000Z,100.0
2026-10-03T18:50:51.000Z,100.0
2026-10-03T18:51:21.000Z,100.0
2026-10-03T18:51:52.000Z,100.0
2026-10-03T18:52:22.000Z,100.0
2026-10-03T18:52:53.000Z,100.0
2026-10-03T18:53:23.000Z,100.0
2026-10-03T18:53:53.000Z,100.0
2026-10-03T18:54:24.000Z,100.0
2026-10-03T18:54:54.000Z,100.0
2026-10-03T18:55:24.000Z,100.0
2026-10-03T18:55:54.000Z,100.0
2026-10-03T18:56:25.000Z,100.0
2026-10-03T18:56:55.000Z,100.0
2026-10-03T18:57:26.000Z,100.0
2026-10-03T18:57:56.000Z,100.0
2026-10-03T18:58:26.000Z,100.0
2026-10-03T18:58:57.000Z,100.0
2026-10-03T18:59:27.000Z,100.0
2026-10-03T18:59:57.000Z,100.0
2026-10-03T19:00:28.000Z,100.0
2026-10-03T19:00:58.000Z,100.0
2026-10-03T19:01:28.000Z,100.0
2026-10-03T19:01:59.000Z,100.0
2026-10-03T19:02:29.000Z,100.0
2026-10-03T19:02:37.281Z,100.0
2026-10-03T19:02:59.000Z,100.0
2026-10-03T19:03:30.000Z,100.0
2026-10-03T19:04:00.000Z,100.0
2026-10-03T19:04:30.000Z,100.0
2026-10-03T19:05:01.000Z,100.0
2026-10-03T19:05:31.000Z,100.0
2026-10-03T19:06:01.000Z,100.0
2026-10-03T19:06:32.000Z,100.0
2026-10-03T19:07:02.000Z,100.0
2026-10-03T19:07:33.000Z,100.0
2026-10-03T19:08:03.000Z,100.0
2026-10-03T19:08:33.000Z,100.0
2026-10-03T19:09:03.000Z,100.0
2026-10-03T19:09:34.000Z,100.0
2026-10-03T19:10:04.000Z,100.0
2026-10-03T19:10:34.000Z,100.0
2026-10-03T19:11:05.000Z,100.0
2026-10-03T19:11:35.000Z,100.0
2026-10-03T19:12:06.000Z,100.0
2026-10-03T19:12:25.000Z,100.0
2026-10-03T19:12:25.055Z,100.0
2026-10-03T19:12:36.000Z,100.0
2026-10-03T19:13:06.000Z,100.0
2026-10-03T19:13:25.000Z,100.0
